Bin,Voltage[V],Current[A],Limit,Ihlal,Band
0,5.2036018561290325,0.00021487338738056935,44.083924107527,False,25us
1,21.024072607843138,0.0002457593425490196,107.70910312035794,False,25us
2,36.30844857142857,0.00019764374238095237,149.79073118965707,False,25us
3,51.02082728571429,0.00017010826857142856,160.0,False,25us
4,66.03357700000001,0.000150041848,160.0,False,25us
5,80.56832,0.00013380847,160.0,False,25us
6,90.84065,0.00012313123,160.0,False,25us
7,105.249097,0.000108351458,160.0,False,25us
8,118.526245,9.42327e-05,160.0,False,25us
9,126.528275,8.5045336e-05,160.0,False,25us
10,137.083165,7.14747e-05,160.0,False,25us
11,145.66278,5.881225e-05,160.0,False,25us
12,151.76948000000002,4.776508e-05,160.0,False,25us
13,156.81864571428574,3.635769e-05,160.0,False,25us
14,160.04387200000002,2.6562444666666665e-05,160.0,False,25us
15,162.7438075,1.37010885e-05,160.0,False,25us
16,163.74126608695653,1.416190256e-06,160.0,False,25us
17,163.4715075,-7.111084575e-06,160.0,False,25us
18,160.932535,-2.2087629e-05,160.0,False,25us
19,156.84207,-3.587175e-05,160.0,False,25us
20,152.98947,-4.501813e-05,160.0,False,25us
21,148.3027,-5.412827e-05,160.0,False,25us
22,139.671605,-6.77263075e-05,160.0,False,25us
23,129.52217,-8.1266786e-05,160.0,False,25us
24,121.81367,-9.018978e-05,160.0,False,25us
25,109.3485225,-9.724191250000001e-05,160.0,False,25us
26,97.342026,-9.2197835e-05,160.0,False,25us
27,91.172066,-8.623124e-05,160.0,False,25us
28,82.13447500000001,-7.7495905e-05,160.0,False,25us
29,73.49473,-6.914553e-05,160.0,False,25us
30,68.438705,-6.42586e-05,160.0,False,25us
31,61.7497865,-5.7792968e-05,160.0,False,25us
32,55.83805,-5.2078183e-05,160.0,False,25us
33,52.34767,-4.8703867e-05,160.0,False,25us
34,49.15204,-4.5614343e-05,160.0,False,25us
35,44.85531,-4.1460039000000006e-05,160.0,False,25us
36,47.48616051515151,0.00015869158745454543,160.0,False,25us
37,60.326454727272726,0.00015666628772727272,160.0,False,25us
38,74.29909666666667,0.00014063011333333335,160.0,False,25us
39,91.112656,0.00012280438,160.0,False,25us
40,103.386154,0.000110345165,160.0,False,25us
41,113.933538,9.92355875e-05,160.0,False,25us
42,124.91968,8.698776e-05,160.0,False,25us
43,131.83545,7.855362e-05,160.0,False,25us
44,140.6643,6.6469175e-05,160.0,False,25us
45,148.75865,5.3521056999999994e-05,160.0,False,25us
46,155.008845,4.080788066666667e-05,160.0,False,25us
47,159.6118490909091,2.8092661636363635e-05,160.0,False,25us
48,161.8307909090909,1.905248809090909e-05,160.0,False,25us
49,163.65683588235294,3.6336376864705886e-06,160.0,False,25us
50,163.68116916666668,-3.011803558833333e-06,160.0,False,25us
51,162.36615,-1.5691992e-05,160.0,False,25us
52,158.906365,-2.9497464e-05,160.0,False,25us
53,153.80399,-4.3244017e-05,160.0,False,25us
54,149.2774,-5.23611e-05,160.0,False,25us
55,143.9372,-6.144287e-05,160.0,False,25us
56,134.37703,-7.500578999999999e-05,160.0,False,25us
57,123.36275,-8.8477645e-05,160.0,False,25us
58,115.18592,-9.60986e-05,160.0,False,25us
59,102.65381500000001,-9.5799165e-05,160.0,False,25us
60,93.00654,-8.800445e-05,160.0,False,25us
61,84.193962,-7.948640999999999e-05,160.0,False,25us
62,75.27292,-7.086418e-05,160.0,False,25us
63,70.05312,-6.581905e-05,160.0,False,25us
64,65.31113,-6.12355e-05,160.0,False,25us
65,59.0274335,-5.5161355999999996e-05,160.0,False,25us
66,53.464924,-4.9783986e-05,160.0,False,25us
67,50.175537,-4.6603873e-05,160.0,False,25us
68,45.7550735,-4.2330003e-05,160.0,False,25us
69,45.68887391489362,0.00015828281882978725,160.0,False,25us
70,55.53226107692308,0.00016327872128205128,160.0,False,25us
71,67.93097,0.00014772646833333334,160.0,False,25us
72,86.294212,0.00012781676,160.0,False,25us
73,100.06367499999999,0.00011374983500000001,160.0,False,25us
74,110.2538,0.00010320843,160.0,False,25us
75,121.679135,9.065958249999999e-05,160.0,False,25us
76,132.21916,7.806047e-05,160.0,False,25us
77,138.42561,6.9766844e-05,160.0,False,25us
78,145.71134,5.8693604e-05,160.0,False,25us
79,153.14953500000001,4.495086425e-05,160.0,False,25us
80,158.0502725,3.2920011e-05,160.0,False,25us
81,161.07859785714285,2.252848435714286e-05,160.0,False,25us
82,163.222262,9.629665139999999e-06,160.0,False,25us
83,163.7577259090909,-4.771017103181818e-07,160.0,False,25us
84,162.83205666666666,-1.2589856333333334e-05,160.0,False,25us
85,159.94083,-2.632449e-05,160.0,False,25us
86,156.97815,-3.5506077e-05,160.0,False,25us
87,150.83233,-4.9209713e-05,160.0,False,25us
88,143.04208,-6.284206e-05,160.0,False,25us
89,136.80014,-7.18887e-05,160.0,False,25us
90,129.81563,-8.090796e-05,160.0,False,25us
91,118.0123075,-9.3311697e-05,160.0,False,25us
92,105.47713,-9.7662065e-05,160.0,False,25us
93,97.41055,-9.226377e-05,160.0,False,25us
94,88.39837,-8.355019e-05,160.0,False,25us
95,79.28909,-7.474584e-05,160.0,False,25us
96,73.69576,-6.933983e-05,160.0,False,25us
97,66.315005,-6.220582799999999e-05,160.0,False,25us
98,59.808346,-5.5916273e-05,160.0,False,25us
99,55.97631,-5.2211843e-05,160.0,False,25us
100,50.8710345,-4.72762605e-05,160.0,False,25us
101,46.327694,-4.2883654e-05,160.0,False,25us
102,43.38214121739131,0.00010430222924782609,160.0,False,25us
103,50.734997949152536,0.0001716821211864407,160.0,False,25us
104,64.15498014285714,0.00015231403928571427,160.0,False,25us
105,83.17292,0.00013105807,160.0,False,25us
106,94.15918,0.000119790115,160.0,False,25us
108,114.65463,9.849028e-05,160.0,False,25us
109,132.04857,7.824571e-05,160.0,False,25us
110,138.81616,6.9156595e-05,160.0,False,25us
111,144.82504,6.0065184e-05,160.0,False,25us
112,150.04268,5.095858e-05,160.0,False,25us
113,156.23943,3.72340655e-05,160.0,False,25us
114,161.000365,2.29795635e-05,160.0,False,25us
115,162.55707,1.4981032e-05,160.0,False,25us
116,163.73978428571428,1.3421641664285714e-06,160.0,False,25us
117,163.34798600000002,-8.392026419999999e-06,160.0,False,25us
118,161.72946,-1.9162051e-05,160.0,False,25us
119,157.78119500000003,-3.29515385e-05,160.0,False,25us
120,152.19797,-4.6678706e-05,160.0,False,25us
121,147.36206,-5.5782195e-05,160.0,False,25us
122,138.51818500000002,-6.937202e-05,160.0,False,25us
123,128.16951,-8.290305e-05,160.0,False,25us
124,120.34173,-9.176505e-05,160.0,False,25us
125,108.4485325,-9.806027e-05,160.0,False,25us
126,97.64844,-9.2493756e-05,160.0,False,25us
127,91.433754,-8.648426e-05,160.0,False,25us
128,82.359025,-7.771294e-05,160.0,False,25us
129,73.68808,-6.9332404e-05,160.0,False,25us
130,68.614296,-6.442832e-05,160.0,False,25us
131,61.902478,-5.7940565499999994e-05,160.0,False,25us
132,55.971024,-5.2206735e-05,160.0,False,25us
133,52.46931,-4.8821465e-05,160.0,False,25us
134,49.263496,-4.57221e-05,160.0,False,25us
135,44.9533635,-4.15548485e-05,160.0,False,25us
136,47.34237624285714,0.00015383003991142856,160.0,False,25us
137,60.2228793,0.000156780573,160.0,False,25us
138,71.722132,0.00014332169333333334,160.0,False,25us
139,89.96233699999999,0.000124066765,160.0,False,25us
140,101.92208,0.00011185405,160.0,False,25us
141,111.758035,0.00010158121500000001,160.0,False,25us
142,125.58266499999999,8.615559999999999e-05,160.0,False,25us
143,135.00426,7.447355e-05,160.0,False,25us
144,142.36364,6.40212825e-05,160.0,False,25us
145,149.80122333333333,5.1633349999999996e-05,160.0,False,25us
146,154.956938,4.0981244e-05,160.0,False,25us
147,159.66883846153846,2.786746992307692e-05,160.0,False,25us
148,162.0979909090909,1.7632923e-05,160.0,False,25us
149,163.64184642857143,3.886230942571429e-06,160.0,False,25us
150,163.71555583333333,-2.3619338312500003e-06,160.0,False,25us
151,162.017,-1.7287146e-05,160.0,False,25us
152,158.81511,-3.014271e-05,160.0,False,25us
153,155.4945,-3.931078e-05,160.0,False,25us
154,148.82909999999998,-5.2991973e-05,160.0,False,25us
155,140.54153,-6.660374e-05,160.0,False,25us
156,133.98636,-7.563939e-05,160.0,False,25us
157,126.705696,-8.46404e-05,160.0,False,25us
158,114.5447,-9.6173433e-05,160.0,False,25us
159,103.83012,-9.767112e-05,160.0,False,25us
160,94.046675,-8.9011082e-05,160.0,False,25us
161,84.132484,-7.942699e-05,160.0,False,25us
162,78.08228,-7.357947e-05,160.0,False,25us
163,70.1146325,-6.587847299999999e-05,160.0,False,25us
164,63.104454,-5.9102476e-05,160.0,False,25us
165,58.983932,-5.511933e-05,160.0,False,25us
166,53.504335499999996,-4.9822069e-05,160.0,False,25us
167,48.63663,-4.5116038e-05,160.0,False,25us
168,45.748184,-4.2323347e-05,160.0,False,25us
169,45.43786427083333,0.00015076781248958335,160.0,False,25us
170,55.40520232432433,0.00016293102810810813,160.0,False,25us
171,67.96938300000001,0.00014769776166666666,160.0,False,25us
172,86.10535999999999,0.00012801023000000002,160.0,False,25us
173,101.63476,0.00011214989,160.0,False,25us
174,110.79665750000001,0.000102620505,160.0,False,25us
175,120.42142,9.218808e-05,160.0,False,25us
176,129.336445,8.1676515e-05,160.0,False,25us
177,139.29980999999998,6.8549285e-05,160.0,False,25us
178,147.60176666666666,5.5577082333333334e-05,160.0,False,25us
179,153.1227,4.5100890750000004e-05,160.0,False,25us
180,157.7361425,3.3722445e-05,160.0,False,25us
181,161.4576976470588,2.0889074647058824e-05,160.0,False,25us
182,163.20116818181816,9.907665181818183e-06,160.0,False,25us
183,163.7425215789474,-9.736702661052633e-07,160.0,False,25us
184,162.796065,-1.2953948499999999e-05,160.0,False,25us
185,160.38138,-2.4670417e-05,160.0,False,25us
186,155.74135,-3.84346645e-05,160.0,False,25us
187,149.40262,-5.212987e-05,160.0,False,25us
188,144.08276,-6.1212384e-05,160.0,False,25us
189,137.97835,-7.026406e-05,160.0,False,25us
190,127.343995,-8.377073249999999e-05,160.0,False,25us
191,115.39822,-9.597611e-05,160.0,False,25us
192,106.95935,-9.831474e-05,160.0,False,25us
193,96.076705,-9.0968068e-05,160.0,False,25us
194,87.941086,-8.310805e-05,160.0,False,25us
195,78.658375,-7.413624e-05,160.0,False,25us
196,70.490585,-6.6241875e-05,160.0,False,25us
197,65.708885,-6.1619976e-05,160.0,False,25us
198,61.357475,-5.7413767e-05,160.0,False,25us
199,55.5787945,-5.1827534e-05,160.0,False,25us
200,50.452354,-4.68715e-05,160.0,False,25us
201,47.414433,-4.393437e-05,160.0,False,25us
202,43.4553126,0.00010051102843999999,160.0,False,25us
203,51.01609858333334,0.00017053961283333333,160.0,False,25us
204,64.28544171428571,0.00015214619,160.0,False,25us
205,79.24280999999999,0.00013517511999999997,160.0,False,25us
206,93.173843,0.000120793785,160.0,False,25us
207,106.99954,0.000106631718,160.0,False,25us
208,115.41707,9.769682e-05,160.0,False,25us
209,127.40759,8.38962975e-05,160.0,False,25us
210,138.04962,7.0236456e-05,160.0,False,25us
211,144.1506,6.114986e-05,160.0,False,25us
212,149.46402,5.2042287e-05,160.0,False,25us
213,156.5249638888889,3.723854188888889e-05,160.0,False,25us
214,159.719385,2.7562529e-05,160.0,False,25us
215,162.378615,1.4605372499999999e-05,160.0,False,25us
216,163.55956,7.520946e-07,160.0,False,25us
217,163.18591,-8.486437e-06,160.0,False,25us
218,160.84829000000002,-2.2318235e-05,160.0,False,25us
219,156.75574,-3.6101632e-05,160.0,False,25us
220,152.88193,-4.524735e-05,160.0,False,25us
221,148.17453,-5.435633e-05,160.0,False,25us
222,141.32863625000002,-6.567822375e-05,160.0,False,25us
223,134.59374433385454,0.025541145591784338,160.0,False,25us
224,160.97248700864907,0.07472347862393931,160.0,False,25us
225,168.56518301121451,0.10759920778830383,160.0,False,25us
226,165.47015608542426,0.1350762671156214,160.0,False,25us
227,175.75748552623497,0.1851102180923501,160.0,False,25us
228,149.13940178909382,0.13065442714621578,160.0,False,25us
229,155.23331801701775,0.16738960817518397,160.0,False,25us
230,155.6429343385857,0.12234630005010265,160.0,False,25us
231,144.70135810081558,0.11291433553020201,160.0,False,25us
232,120.6512933047421,0.03706519206840511,160.0,False,25us
233,9.28996341486927,0.008731316810747422,65.23654522214261,False,25us
234,105.21521888819498,0.05016776922981939,160.0,False,25us
235,147.3131085999106,0.13862278301315764,160.0,False,25us
236,167.64523504368984,0.1593687298059995,160.0,False,25us
237,153.79614579723474,0.29178219903563146,160.0,False,25us
238,170.5330855438239,0.224660928469344,160.0,False,25us
239,173.38638682518027,0.390802385636209,160.0,False,25us
240,169.15139729010826,0.2873966159904061,160.0,False,25us
241,155.86727176002807,0.4962955131811042,160.0,False,25us
242,177.68923457295753,0.35111707355774235,160.0,False,25us
243,155.0685323749232,0.5595512568683587,160.0,False,25us
244,165.25155957993252,0.43246592989221555,160.0,False,25us
245,161.94368261428323,0.7199776282701864,160.0,False,25us
246,171.9642023341345,0.6154097552941177,160.0,False,25us
247,160.88568693274263,0.8491743274183007,160.0,False,25us
248,164.3771117859065,0.7396892921753248,160.0,False,25us
249,153.16901915930677,1.013842031270627,160.0,False,25us
250,154.1300651806268,0.8394072584026623,160.0,False,25us
251,147.89674408658138,1.099464648156146,160.0,False,25us
252,158.03583702229966,0.9194331422797928,160.0,False,25us
253,142.39099419346817,1.1449195256951423,160.0,False,25us
254,160.14327829965944,0.954029450797227,160.0,False,25us
255,152.35957883281134,1.1540718075634517,160.0,False,25us
256,167.28243389132473,0.9056963884814215,160.0,False,25us
257,157.97314962988733,1.0190327928790788,160.0,False,25us
258,161.22733163824043,0.9372805866714286,160.0,False,25us
259,150.15096408778035,0.8632248786270491,160.0,False,25us
260,156.35520537252958,0.7903339825034578,160.0,False,25us
261,160.4331245150522,0.6682906626295586,160.0,False,25us
262,160.69273567840685,0.580952023557047,160.0,False,25us
263,183.89492681360747,0.4893813122439024,160.0,False,25us
264,156.98833931241947,0.3392975501832524,160.0,False,25us
265,129.0448101854922,0.2059639466296296,160.0,False,25us
266,33.91552418062258,0.06995879318378379,142.70248287877615,False,25us
267,78.13502414576833,0.04098661650530681,160.0,False,25us
268,160.8984818991731,0.2054770343086714,160.0,False,25us
269,155.5390471404568,0.36063960438602943,160.0,False,25us
270,178.33520290587575,0.518110300631068,160.0,False,25us
271,156.86723039110748,0.7012249700809716,160.0,False,25us
272,152.15300159974143,0.8889893762771739,160.0,False,25us
273,173.8939146166934,1.0501425281698114,160.0,False,25us
274,150.27638190167517,1.2444441317588653,160.0,False,25us
275,145.78443279630713,1.421394479489796,160.0,False,25us
276,153.34585098587976,1.597744292228739,160.0,False,25us
277,141.73377106419466,1.7779497137295082,160.0,False,25us
278,154.70628561406443,1.8650635150805273,160.0,False,25us
279,135.08703434884097,2.070428096023857,160.0,False,25us
280,167.48634004816225,2.091334110920437,160.0,False,25us
281,138.77757697440293,2.2893158371794873,160.0,False,25us
282,178.130741800284,2.186495705102041,160.0,False,25us
283,139.39593532716188,2.3368977866906477,160.0,False,25us
284,180.42528292461577,2.222634476683087,160.0,False,25us
285,153.0829125341558,2.294773688631579,160.0,False,25us
286,166.0974660223187,2.1927623504385965,160.0,False,25us
287,149.7050633091683,2.11370959667319,160.0,False,25us
288,165.25156469066616,2.02195569251497,160.0,False,25us
289,140.21988592162475,1.864913907465619,160.0,False,25us
290,173.6998522884468,1.7830138626841245,160.0,False,25us
291,149.9423261814795,1.5042960509803922,160.0,False,25us
292,155.6727658421844,1.5221366088566828,160.0,False,25us
293,159.65344492680538,1.180061826543624,160.0,False,25us
294,152.87525168423628,1.1105889836106488,160.0,False,25us
295,168.7647558019174,0.8165626893497364,160.0,False,25us
296,173.3500021218582,0.7373497466876973,160.0,False,25us
297,187.45246631775058,0.4532721311139565,160.0,False,25us
298,161.01516113425367,0.3395472436803519,160.0,False,25us
299,120.30966167557115,0.1096207195280269,160.0,False,25us
300,39.0681974330642,0.0692613133406922,156.36923301897014,False,25us
301,155.05416745757745,0.11102122235479199,160.0,False,25us
302,167.20703119490855,0.345818425643741,160.0,False,25us
303,170.9689657751082,0.39691081935313,160.0,False,25us
304,160.3387735228669,0.66457043434375,160.0,False,25us
305,170.13876658754253,0.6742591083015873,160.0,False,25us
306,159.64122452798838,0.9852833257545606,160.0,False,25us
307,173.19405045500173,0.9829089791438357,160.0,False,25us
308,154.29128463078044,1.2442228415460526,160.0,False,25us
309,166.89663857866395,1.166490899935065,160.0,False,25us
310,156.34303116860295,1.42943611486911,160.0,False,25us
311,159.25696480255928,1.3055400695826378,160.0,False,25us
312,157.56279176881964,1.5645690858557046,160.0,False,25us
313,168.1613109220823,1.3801383888495575,160.0,False,25us
314,162.0415264287179,1.6412653811410458,160.0,False,25us
315,164.1840775000447,1.3847233412086093,160.0,False,25us
316,159.64985141420436,1.6577740821105527,160.0,False,25us
317,166.56149130559646,1.3548526375752212,160.0,False,25us
318,155.66188503858447,1.5336996637979095,160.0,False,25us
319,167.21619247255023,1.2878273643598055,160.0,False,25us
320,154.6424197404435,1.4072067481164383,160.0,False,25us
321,179.08307607996497,1.1424836341681261,160.0,False,25us
322,156.79046164110653,1.2347076300503355,160.0,False,25us
323,169.1232622062607,0.9395114427444254,160.0,False,25us
324,159.96335293228972,1.0059094087748344,160.0,False,25us
325,177.33395903947084,0.6943320932045088,160.0,False,25us
326,178.01295627653403,0.7927729199394856,160.0,False,25us
327,179.7654598615316,0.49609349731297714,160.0,False,25us
328,166.2840445772137,0.5386198295209678,160.0,False,25us
329,184.67133942088927,0.30754612628301886,160.0,False,25us
330,152.48599377663294,0.2768671268208984,160.0,False,25us
331,164.53850244992387,0.1835149104770655,160.0,False,25us
332,107.08400926675398,0.09495847179660989,160.0,False,25us
333,21.514889566825488,0.028173774331595146,109.1818293970387,False,25us
334,98.1765416669984,0.05914165188979115,160.0,False,25us
335,175.16028274353073,0.13922561950472373,160.0,False,25us
336,164.59548697201646,0.2733056605098473,160.0,False,25us
337,201.67681359858335,0.2542270768717803,160.0,False,25us
338,167.07359111696874,0.4031272879489611,160.0,False,25us
339,186.4774755052819,0.2802408344753947,160.0,False,25us
340,168.26351360453515,0.5055489489800554,160.0,False,25us
341,177.49479315246936,0.3832519185586098,160.0,False,25us
342,169.96734624428927,0.6443904849214402,160.0,False,25us
343,178.7077265830879,0.44791747408484844,160.0,False,25us
344,181.29891017417754,0.7057544047261146,160.0,False,25us
345,181.31875762466981,0.5298804912239502,160.0,False,25us
346,168.62579116098073,0.7728669752953451,160.0,False,25us
347,177.41199150589426,0.5399792464992026,160.0,False,25us
348,170.00595311112892,0.7468244715468998,160.0,False,25us
349,186.57921075029984,0.5471150424502297,160.0,False,25us
350,174.2962151263875,0.7436047682404007,160.0,False,25us
351,184.61395853810106,0.5563962664792627,160.0,False,25us
352,172.93367502105926,0.6868287580094786,160.0,False,25us
353,181.25285086205702,0.45065627244943635,160.0,False,25us
354,180.6516176874299,0.607154334551229,160.0,False,25us
355,186.4370635889915,0.386035605326811,160.0,False,25us
356,172.804467277648,0.5176513258531491,160.0,False,25us
357,190.76787432412067,0.3119749822509254,160.0,False,25us
358,168.65634537062738,0.503176528757198,160.0,False,25us
359,187.23238230802804,0.2880387867989629,160.0,False,25us
360,174.64180314509608,0.40588467797865685,160.0,False,25us
361,181.92369866839243,0.2280577607240157,160.0,False,25us
362,169.7786324622679,0.2782439342460225,160.0,False,25us
363,181.48597262147925,0.24643117100173395,160.0,False,25us
364,164.91198368236172,0.1799914720921532,160.0,False,25us
365,165.22320689079598,0.09794202839384539,160.0,False,25us
366,24.87629125233703,0.02728971280084566,118.35195040386176,False,25us
367,70.71482047651459,0.04074448255139907,160.0,False,25us
368,169.09687022847004,0.10829946115021279,160.0,False,25us
369,179.92055167076157,0.1868538577933867,160.0,False,25us
370,176.20183347883005,0.23896419470615704,160.0,False,25us
371,174.66435350988195,0.2596620061370976,160.0,False,25us
372,173.28980561038463,0.3905593536898388,160.0,False,25us
373,182.6777719126206,0.2950336022149421,160.0,False,25us
374,167.76796742498732,0.443662037888956,160.0,False,25us
375,189.56249335655528,0.29467363396989943,160.0,False,25us
376,173.42905430568752,0.4816402196759467,160.0,False,25us
377,180.43555524214707,0.35088362174629356,160.0,False,25us
378,167.56103693932073,0.52767197964807,160.0,False,25us
379,182.61319501582793,0.3402171889822685,160.0,False,25us
380,169.90782622251507,0.5446045082790435,160.0,False,25us
381,195.21191667597418,0.32812598628095563,160.0,False,25us
382,180.11065839715772,0.5214443728535,160.0,False,25us
383,179.71086092359636,0.3777375911666136,160.0,False,25us
384,168.59877464389436,0.5734898437183442,160.0,False,25us
385,180.52290828156245,0.3673407454458873,160.0,False,25us
386,168.72027296395538,0.545647040628534,160.0,False,25us
387,183.97198975978853,0.3501663734134693,160.0,False,25us
388,173.02471534514152,0.5379184108658976,160.0,False,25us
389,183.9075454586667,0.3622813086622353,160.0,False,25us
390,179.81765838950204,0.49353533189825693,160.0,False,25us
391,190.61603001598246,0.3461167658774693,160.0,False,25us
392,158.00514734252684,0.4150817753521606,160.0,False,25us
393,185.2389898838663,0.32558651085640916,160.0,False,25us
394,178.67308490404437,0.30341809971138306,160.0,False,25us
395,182.2951080293265,0.29027404915388627,160.0,False,25us
396,172.53801996953837,0.24761006508092015,160.0,False,25us
397,175.45111235215083,0.19746635344311494,160.0,False,25us
398,164.03719733872583,0.12214397377528997,160.0,False,25us
399,80.8552807123719,0.043460146391925025,160.0,False,25us
400,38.57606863195327,0.029023600086850437,155.21055966442913,False,25us
401,143.9729082746734,0.08497447038029282,160.0,False,25us
402,172.40959323272094,0.17484867067097773,160.0,False,25us
403,183.71060632424172,0.24195234815996863,160.0,False,25us
404,162.6807126295258,0.2584481825180212,160.0,False,25us
405,176.0788738154108,0.30292304292462324,160.0,False,25us
406,174.32278978695368,0.3737519672888818,160.0,False,25us
407,175.77589419130618,0.381768211317837,160.0,False,25us
408,170.16196732083247,0.4280855144146487,160.0,False,25us
409,171.7142964477519,0.4332279730000887,160.0,False,25us
410,176.08583860866577,0.43914607102559855,160.0,False,25us
411,171.00737800515012,0.5346226913962163,160.0,False,25us
412,153.1985577769673,0.616529186772344,160.0,False,25us
413,200.8128201394297,0.5609568707343283,160.0,False,25us
414,161.77934689861473,0.7106539812909091,160.0,False,25us
415,182.52860994174733,0.5537348604343598,160.0,False,25us
416,169.11063655754845,0.7837611856945813,160.0,False,25us
417,183.51036349074312,0.5871846904945737,160.0,False,25us
418,152.75447703495266,0.7602172540705681,160.0,False,25us
419,199.70230926373893,0.6191332344381519,160.0,False,25us
420,171.67329340766753,0.6858384733395873,160.0,False,25us
421,184.87052104116304,0.6795776776826666,160.0,False,25us
422,178.38593828364256,0.6202132319745097,160.0,False,25us
423,174.9409299624691,0.5720108910575843,160.0,False,25us
424,172.95434047291712,0.5511092556825242,160.0,False,25us
425,175.49235244236732,0.488765770696615,160.0,False,25us
426,172.29901649579526,0.38857290433981834,160.0,False,25us
427,181.19616629600515,0.3581273079156355,160.0,False,25us
428,183.2704862934204,0.3287073280692943,160.0,False,25us
429,194.61812574677197,0.2974442747163853,160.0,False,25us
430,146.3927788285266,0.2009373345200858,160.0,False,25us
431,182.12389038499163,0.17578326272764017,160.0,False,25us
432,115.2695655356331,0.06387711064218903,160.0,False,25us
433,20.559858270267465,0.034134469062021375,106.30312435602465,False,25us
434,118.61248792730171,0.053737328346646206,160.0,False,25us
435,178.67204224810104,0.1822879959818627,160.0,False,25us
436,155.08434685022695,0.19077271403855917,160.0,False,25us
437,173.76507500495597,0.3292089033213195,160.0,False,25us
438,175.133083364283,0.26350605216045053,160.0,False,25us
439,167.2173533461473,0.5038571726293924,160.0,False,25us
440,176.12205157556352,0.4415285889382911,160.0,False,25us
441,154.42011598062825,0.6613774255335414,160.0,False,25us
442,174.53101721097676,0.5764493897035882,160.0,False,25us
443,166.2332624189477,0.8115818493464052,160.0,False,25us
444,175.2269062705458,0.7091270191311216,160.0,False,25us
445,156.82324858691192,1.023549068,160.0,False,25us
446,181.90647966195468,0.8271025310016978,160.0,False,25us
447,164.55408537111876,1.0851256149097475,160.0,False,25us
448,167.61488264852932,0.8837711154576272,160.0,False,25us
449,163.3121951103655,1.1461885973197492,160.0,False,25us
450,174.69305589497458,0.9510383971694915,160.0,False,25us
451,167.98450550771534,1.176930321451876,160.0,False,25us
452,168.92503264957742,0.9159306979482759,160.0,False,25us
453,153.71960875285293,1.0872612511260504,160.0,False,25us
454,168.49930343160727,0.8477755533117932,160.0,False,25us
455,153.65300354104926,1.0611562539674797,160.0,False,25us
456,176.13223639435688,0.783527522796875,160.0,False,25us
457,161.71630702166374,0.9250450301300812,160.0,False,25us
458,181.26078073461758,0.6292772200319489,160.0,False,25us
459,165.59667167751965,0.7416567243800322,160.0,False,25us
460,175.11337524633726,0.5051482267462932,160.0,False,25us
461,165.79582154220822,0.5548350228374384,160.0,False,25us
462,169.2968708088418,0.3346249479416404,160.0,False,25us
463,142.14866488984688,0.3598481483450088,160.0,False,25us
464,168.59818321674268,0.20083756594197033,160.0,False,25us
465,139.83317397605396,0.1303843854122889,160.0,False,25us
466,30.130342167778746,0.05527163057555178,132.20998550301312,False,25us
467,52.530566796230694,0.057118084394772416,160.0,False,25us
468,176.10574865206308,0.12553354983981937,160.0,False,25us
469,138.13499376994466,0.2433116542273633,160.0,False,25us
470,182.30907529974033,0.28678301509057974,160.0,False,25us
471,176.83366320390857,0.4796555345833333,160.0,False,25us
472,186.421535920642,0.42519220314851486,160.0,False,25us
473,161.45569090904905,0.686266851952381,160.0,False,25us
474,185.0661102382414,0.5900758558279221,160.0,False,25us
475,155.1876206711324,0.8820231907547169,160.0,False,25us
476,174.0967822111849,0.7830270556644519,160.0,False,25us
477,155.16103026699403,1.061929352572402,160.0,False,25us
478,172.28206722065306,0.9306806465323992,160.0,False,25us
479,154.81061760903384,1.183289731567657,160.0,False,25us
480,172.4778728041934,1.0294414932939189,160.0,False,25us
481,154.79996374032353,1.2548159715397924,160.0,False,25us
482,164.7935424762121,1.0459342583475297,160.0,False,25us
483,159.42031916585677,1.2991681867793594,160.0,False,25us
484,171.6199163225817,1.0670798725980393,160.0,False,25us
485,152.44694048610964,1.250045471345515,160.0,False,25us
486,171.41236330479055,1.0189123771283783,160.0,False,25us
487,158.5579156362172,1.2142843752512156,160.0,False,25us
488,172.3499944912472,0.9358880954329372,160.0,False,25us
489,159.46624365008483,1.0789891763064516,160.0,False,25us
490,180.74390230874766,0.8024627153654486,160.0,False,25us
491,169.97358236524056,0.8941275775697866,160.0,False,25us
492,177.8900782746277,0.6118285295461658,160.0,False,25us
493,152.29697086732367,0.7276547414736841,160.0,False,25us
494,183.8143663163344,0.47171092988280056,160.0,False,25us
495,174.0057631806929,0.4680952582011835,160.0,False,25us
496,166.95260788816302,0.36131351169721115,160.0,False,25us
497,177.57647124937085,0.29134202182887703,160.0,False,25us
498,165.42835229172292,0.16230205499396075,160.0,False,25us
499,50.892356763240734,0.07788206402653061,160.0,False,25us
500,36.30777912016711,0.028594722434898752,149.78911081144003,False,25us
501,131.56005885374546,0.08689279748700397,160.0,False,25us
502,177.22106623692173,0.19235242169148653,160.0,False,25us
503,179.22105793153614,0.25210337908496827,160.0,False,25us
504,173.76629820720532,0.34962927827169565,160.0,False,25us
505,167.13235614604127,0.44331995393621015,160.0,False,25us
506,175.45154750879024,0.5252836604401042,160.0,False,25us
507,171.83421970836412,0.7069907896666666,160.0,False,25us
508,190.27010190711937,0.6040638915170279,160.0,False,25us
509,165.36690051120468,0.875109667098284,160.0,False,25us
510,180.1814006042847,0.7399050839115646,160.0,False,25us
511,168.56564753260434,1.0320616087666667,160.0,False,25us
512,184.7372516097588,0.8673122663836478,160.0,False,25us
513,152.1124950807084,1.1278401312149533,160.0,False,25us
514,182.89768276419852,0.9405951997328882,160.0,False,25us
515,161.57446162234396,1.1792508947586209,160.0,False,25us
516,173.590216479985,0.9389181471214643,160.0,False,25us
517,167.76870253454675,1.1834015515081968,160.0,False,25us
518,174.11901542699013,0.930874393232484,160.0,False,25us
519,164.58727308065207,1.129187484625624,160.0,False,25us
520,171.1879615925804,0.850226274184514,160.0,False,25us
521,159.29879724570367,1.007325034522613,160.0,False,25us
522,171.3341653925034,0.7449058465932203,160.0,False,25us
523,163.8605958722779,0.9002338320173913,160.0,False,25us
524,197.77063728935934,0.6264179213253012,160.0,False,25us
525,178.30186814818754,0.6541882450592885,160.0,False,25us
526,184.1334633176091,0.5863508260649006,160.0,False,25us
527,176.18209533589268,0.5111731509898166,160.0,False,25us
528,178.4479177421887,0.41578788433509933,160.0,False,25us
529,192.6742478983135,0.3455258468718213,160.0,False,25us
530,173.10621836838698,0.2437082464367466,160.0,False,25us
531,166.96031058095122,0.15645756213417508,160.0,False,25us
532,84.24485426730999,0.08815279021953805,160.0,False,25us
533,10.74666373563691,0.025499601335388127,71.98934963793454,False,25us
534,119.66891520652322,0.0622163745880827,160.0,False,25us
535,163.78471304138947,0.1497096423672524,160.0,False,25us
536,174.18494797831485,0.2310142178280058,160.0,False,25us
537,174.13098382480655,0.284560358107519,160.0,False,25us
538,172.73835859062805,0.3257551848999584,160.0,False,25us
539,172.38221745719252,0.44704351381944446,160.0,False,25us
540,177.33135427974554,0.5231701940983182,160.0,False,25us
541,179.37230438836056,0.5903579681961906,160.0,False,25us
542,176.65237855838794,0.6413053225716181,160.0,False,25us
543,174.73771046261996,0.6960481649418605,160.0,False,25us
544,181.93209798874767,0.737851043554054,160.0,False,25us
545,154.34501594178266,0.8557426315761821,160.0,False,25us
546,189.2750177336092,0.7782359615407407,160.0,False,25us
547,160.62503753770903,0.9816314070819112,160.0,False,25us
548,179.83673495731082,0.8138012439965695,160.0,False,25us
549,164.21152472778513,0.9955937316387959,160.0,False,25us
550,183.2284784968258,0.8167355625438596,160.0,False,25us
551,152.87108869360787,0.9663353556785714,160.0,False,25us
552,193.52877584088952,0.7807439987168141,160.0,False,25us
553,165.1350674068761,0.8609983906860706,160.0,False,25us
554,183.46278005334625,0.821477855075034,160.0,False,25us
555,174.4986067045873,0.8028576470238095,160.0,False,25us
556,191.4730445049058,0.6988480768503937,160.0,False,25us
557,187.66487165832788,0.6374108472908366,160.0,False,25us
558,172.43712926006933,0.5992940080212483,160.0,False,25us
559,173.82780615366832,0.5157699500057915,160.0,False,25us
560,181.78178125630464,0.43264050560730116,160.0,False,25us
561,176.38852206891107,0.3339965907853858,160.0,False,25us
562,187.85710784258293,0.28775965077716337,160.0,False,25us
563,171.75970447110103,0.24480294643442063,160.0,False,25us
564,167.8782716221162,0.188902986057314,160.0,False,25us
565,140.790616817713,0.08832183315109016,160.0,False,25us
566,23.505474933280702,0.04497255699312377,114.81465576439021,False,25us
567,69.47936986730593,0.040039954346963676,160.0,False,25us
568,182.90442466456136,0.1470593805372229,160.0,False,25us
569,170.07746119914944,0.18713364887929676,160.0,False,25us
570,189.7813550093796,0.2961526279121774,160.0,False,25us
571,166.93646911444154,0.24304196947295134,160.0,False,25us
572,177.12841825000433,0.41118462342308837,160.0,False,25us
573,176.240004598712,0.33473918169594225,160.0,False,25us
574,165.04768574250832,0.6089660252425197,160.0,False,25us
575,188.22405266191797,0.45892974269478526,160.0,False,25us
576,177.03528717815814,0.7300280114315961,160.0,False,25us
577,182.8250487434529,0.6356054351409618,160.0,False,25us
578,168.9442640694951,0.8157035017563291,160.0,False,25us
579,180.80515124938836,0.6845737206976744,160.0,False,25us
580,164.8743665575038,0.8740910631955485,160.0,False,25us
581,172.31727408429649,0.7220190365890183,160.0,False,25us
582,180.45751627587612,0.9248969656279069,160.0,False,25us
583,183.67448572167783,0.7866716557877813,160.0,False,25us
584,172.88477620051853,0.9574288296721312,160.0,False,25us
585,194.03457515887447,0.699817091550152,160.0,False,25us
586,164.0036766511924,0.9486750652396694,160.0,False,25us
587,186.09842074967608,0.6585757933868378,160.0,False,25us
588,169.5637105606915,0.844885985023622,160.0,False,25us
589,190.1317188664824,0.6059960384868421,160.0,False,25us
590,167.80759437397055,0.7462714308099838,160.0,False,25us
591,176.71265373333432,0.5020879511179173,160.0,False,25us
592,175.01113867941075,0.644734412886076,160.0,False,25us
593,182.60082843424698,0.4022416883297697,160.0,False,25us
594,171.28600157339247,0.44932069081501247,160.0,False,25us
595,177.36433069554982,0.2580726151868444,160.0,False,25us
596,172.34521993700093,0.30646245542158446,160.0,False,25us
597,195.84824100645451,0.1764525052032251,160.0,False,25us
598,161.4141350481835,0.14237527961968874,160.0,False,25us
599,89.35715861562933,0.07108158138773624,160.0,False,25us
600,18.25015544112505,0.035303899607988194,98.58651484255213,False,25us
601,153.1618226816433,0.07268174810483859,160.0,False,25us
602,162.51589116182754,0.22574592508977556,160.0,False,25us
603,187.94464598257355,0.2171481478753963,160.0,False,25us
604,187.8262487760274,0.35718167987700833,160.0,False,25us
605,184.3358503190501,0.26265084173024505,160.0,False,25us
606,162.76425162482116,0.5147216424451363,160.0,False,25us
607,193.22384655576718,0.4394105355072933,160.0,False,25us
608,174.3524013055705,0.6617017628237233,160.0,False,25us
609,180.84711807900277,0.554847801314935,160.0,False,25us
610,159.83977906116942,0.7792528771156894,160.0,False,25us
611,194.18532981591463,0.6389260018167202,160.0,False,25us
612,173.2629917132532,0.9140952918690096,160.0,False,25us
613,184.12946415079378,0.7552510955909091,160.0,False,25us
614,166.12216071490434,1.0005111438301282,160.0,False,25us
615,180.82893088393848,0.8124699434172662,160.0,False,25us
616,180.41640832519118,1.004903775334421,160.0,False,25us
617,176.8474333944889,0.7771160781144781,160.0,False,25us
618,163.55443671448717,1.0480286304383115,160.0,False,25us
619,175.55052765486937,0.771587249321192,160.0,False,25us
620,162.20324623267112,0.9859063168646864,160.0,False,25us
621,189.4646357633235,0.7185767421357615,160.0,False,25us
622,177.8459886702981,0.8892880766403786,160.0,False,25us
623,193.2996499412482,0.6117787033962264,160.0,False,25us
624,173.24669044625784,0.7591320508716324,160.0,False,25us
625,202.8166569572598,0.5233239638878924,160.0,False,25us
626,160.64171621126835,0.6379950755705329,160.0,False,25us
627,192.96817052963593,0.3840648676540284,160.0,False,25us
628,175.911956916223,0.40771262966562505,160.0,False,25us
629,175.08505986916018,0.2982360867366695,160.0,False,25us
630,179.99238577793443,0.243694673223114,160.0,False,25us
631,162.7685535351467,0.17310940419665152,160.0,False,25us
632,103.25000058692446,0.08839383904802367,160.0,False,25us
633,19.482551078172555,0.02449630890793709,102.84623318883087,False,25us
634,112.57541417986766,0.05654322562520039,160.0,False,25us
635,174.29563644989125,0.15023854884327392,160.0,False,25us
636,183.27814887759763,0.23477052757681,160.0,False,25us
637,176.76085693244195,0.2883509930708604,160.0,False,25us
638,168.2866166935189,0.34281261856789114,160.0,False,25us
639,183.03324472004593,0.46878075585641676,160.0,False,25us
640,171.01277247540256,0.6421544556886035,160.0,False,25us
641,179.33854478123905,0.5036240349811023,160.0,False,25us
642,171.18235935524567,0.7620977903156146,160.0,False,25us
643,195.84978643129367,0.6822864113153725,160.0,False,25us
644,173.37427752314724,0.9034154489482471,160.0,False,25us
645,188.56718294042216,0.743423470504886,160.0,False,25us
646,160.1746472043603,1.0180871004690117,160.0,False,25us
647,169.99866631927674,0.8501940375212224,160.0,False,25us
648,167.19458487309294,1.0958373804240285,160.0,False,25us
649,167.20286475248855,0.8741703402746365,160.0,False,25us
650,165.20934325078144,1.0791605496592844,160.0,False,25us
651,175.34064188708982,0.8368979605254515,160.0,False,25us
652,167.6902894493294,1.0735989504033612,160.0,False,25us
653,165.88797149482988,0.82093827971246,160.0,False,25us
654,157.1673625455061,0.9807193376441515,160.0,False,25us
655,191.1397621618397,0.7211470219448947,160.0,False,25us
656,174.61321035017863,0.8909312098381877,160.0,False,25us
657,189.14420684112156,0.6109666794693202,160.0,False,25us
658,171.0146889727199,0.7014769491102515,160.0,False,25us
659,184.6584099284287,0.5765325630770308,160.0,False,25us
660,188.32064429944063,0.5492059965172413,160.0,False,25us
661,180.874752386479,0.45618333201179556,160.0,False,25us
662,186.75833621445202,0.3511546337818182,160.0,False,25us
663,175.30056721224489,0.28219070055310513,160.0,False,25us
664,157.20818196127027,0.1869897279079675,160.0,False,25us
665,138.04846800279714,0.11022061377036808,160.0,False,25us
666,17.733970339688035,0.040068699819951335,96.7723621805546,False,25us
667,72.52970625707519,0.04069857156982936,160.0,False,25us
668,165.8292429956751,0.11768784376742956,160.0,False,25us
669,174.1485289789159,0.1990345440831316,160.0,False,25us
670,190.1810964231553,0.278441029909073,160.0,False,25us
671,175.72648117485562,0.33848760518023613,160.0,False,25us
672,172.94918582250872,0.4207852785209581,160.0,False,25us
673,186.47152532428282,0.5044986579972716,160.0,False,25us
674,187.2382686506998,0.5942174417715931,160.0,False,25us
675,177.9430886843459,0.6643327405382436,160.0,False,25us
676,184.69970764940965,0.7288421244315992,160.0,False,25us
677,178.96521024268856,0.780794180822873,160.0,False,25us
678,144.05565489480455,0.9308765972231987,160.0,False,25us
679,194.66315141099227,0.8442218890536278,160.0,False,25us
680,165.86683501347085,1.050565442338983,160.0,False,25us
681,185.4124517292561,0.8468177544901315,160.0,False,25us
682,165.18463604481914,1.0852807047652173,160.0,False,25us
683,186.84692653177757,0.8931610857989228,160.0,False,25us
684,151.63711971508462,1.086215060552677,160.0,False,25us
685,187.1251893147206,0.8876160739130435,160.0,False,25us
686,165.08420459418983,0.9714219074999999,160.0,False,25us
687,182.28767053153163,0.9163115801949027,160.0,False,25us
688,163.58256103060742,0.86266048714,160.0,False,25us
689,182.10983979778354,0.8408941098855508,160.0,False,25us
690,177.2239598012087,0.7130415195551257,160.0,False,25us
691,181.89554615485062,0.6615408673871409,160.0,False,25us
692,182.66377257870374,0.5855592665205224,160.0,False,25us
693,186.72077784293722,0.5380656647472827,160.0,False,25us
694,173.12296048090582,0.45385359443478257,160.0,False,25us
695,192.05320627600034,0.4081290758580729,160.0,False,25us
696,176.2045889053735,0.2832473243661507,160.0,False,25us
697,169.0387183773162,0.2031612164062169,160.0,False,25us
698,169.84412449094273,0.13193409893858996,160.0,False,25us
699,43.182922520543045,0.06748282735135624,160.0,False,25us
700,37.0997800870194,0.025148830464794106,151.69756894294565,False,25us
701,153.6731767871257,0.09490115638959801,160.0,False,25us
702,172.71121475077683,0.18192116492762367,160.0,False,25us
703,202.7921182072533,0.2642822222627467,160.0,False,25us
704,161.1383757179003,0.27012139931912577,160.0,False,25us
705,189.6507887017191,0.43625593797883433,160.0,False,25us
706,174.022039488411,0.41290396661928935,160.0,False,25us
707,184.7517078248307,0.635537431504,160.0,False,25us
708,186.66977881491619,0.5601561544038461,160.0,False,25us
709,175.17166964401284,0.8167630327841845,160.0,False,25us
710,172.78763538227483,0.6644782590728476,160.0,False,25us
711,167.47090459949413,0.926517900727848,160.0,False,25us
712,183.5187871560447,0.7562923660610933,160.0,False,25us
713,176.03918056833257,0.9784695795524693,160.0,False,25us
714,173.89270323606019,0.8438373382608696,160.0,False,25us
715,165.09111890493102,1.0763712112369337,160.0,False,25us
716,182.7278754636539,0.8523289220418848,160.0,False,25us
717,168.5481969115068,1.0968361124869566,160.0,False,25us
718,200.05289114082063,0.833359384505988,160.0,False,25us
719,166.5306529919491,1.0042243018801997,160.0,False,25us
720,178.56352728433026,0.7938863732649573,160.0,False,25us
721,167.79312710842834,0.9937824339205527,160.0,False,25us
722,184.81116209479697,0.7368347862679425,160.0,False,25us
723,171.31950327416206,0.8509666557831326,160.0,False,25us
724,192.45472958210127,0.5836991895892575,160.0,False,25us
725,160.48216345703506,0.6917343000371566,160.0,False,25us
726,183.137535967873,0.4714031669937206,160.0,False,25us
727,181.9021342007681,0.5741766701943128,160.0,False,25us
728,193.96640038940822,0.3406958583659421,160.0,False,25us
729,176.96833397126088,0.34477522187252124,160.0,False,25us
730,190.3999033401139,0.19200735511074252,160.0,False,25us
731,153.39851658466438,0.17016084994098074,160.0,False,25us
732,117.6114981988658,0.0843123347242207,160.0,False,25us
733,15.027956582136639,0.032624124209212346,88.08876772459216,False,25us
734,127.20672127156936,0.052675094792892195,160.0,False,25us
735,149.546026101603,0.18630819348457994,160.0,False,25us
736,193.8950865705133,0.1875304453814678,160.0,False,25us
737,185.0391462676166,0.36454477865927476,160.0,False,25us
738,185.75587683632588,0.27691493822505836,160.0,False,25us
739,178.54122050974647,0.5337452817488076,160.0,False,25us
740,187.30305118525496,0.4251949648041401,160.0,False,25us
741,171.3094239378025,0.647402732687291,160.0,False,25us
742,189.3048949315842,0.5681044266281113,160.0,False,25us
743,168.06677273051042,0.8616041106351792,160.0,False,25us
744,188.08683589280972,0.7020667834035657,160.0,False,25us
745,163.46813468292268,0.9566406315462185,160.0,False,25us
746,181.7620562405365,0.7979933827666666,160.0,False,25us
747,170.19001818153967,1.0212017613170732,160.0,False,25us
748,170.64014163765015,0.7944061262063492,160.0,False,25us
749,176.22969846125278,1.0590947435667752,160.0,False,25us
750,183.7179905854794,0.8770718605882353,160.0,False,25us
751,166.81866757240522,1.0328337506532663,160.0,False,25us
752,180.71099942903524,0.8154429932638889,160.0,False,25us
753,165.2116145318834,1.0222148084848486,160.0,False,25us
754,186.04558176357725,0.7338880607037643,160.0,False,25us
755,167.46399554895726,0.9050086425553662,160.0,False,25us
756,185.19810936795022,0.5911368199547512,160.0,False,25us
757,171.6008004049681,0.804329873252818,160.0,False,25us
758,186.54751506887052,0.49603950515299683,160.0,False,25us
759,168.001457709403,0.6146769942523809,160.0,False,25us
760,187.32384005770135,0.41055572853333333,160.0,False,25us
761,180.5970044339588,0.43592390099722733,160.0,False,25us
762,182.0661103563062,0.31934970023324066,160.0,False,25us
763,178.1527724979416,0.2578156994135543,160.0,False,25us
764,172.82292124419575,0.18820539714564105,160.0,False,25us
765,158.15044584165716,0.1065794824190983,160.0,False,25us
766,26.41266587851778,0.04013530807136838,122.21044687558964,False,25us
767,61.86497619358496,0.03495285937034002,160.0,False,25us
768,167.3407916597353,0.11253079479251128,160.0,False,25us
769,185.0771685262283,0.22513659139994596,160.0,False,25us
770,185.48748393200404,0.26812091009494265,160.0,False,25us
771,188.0092800993898,0.36410845929974917,160.0,False,25us
772,179.54685026625677,0.3842181881373004,160.0,False,25us
773,170.28288131091696,0.5879126348734568,160.0,False,25us
774,200.78458858366884,0.46493607956756755,160.0,False,25us
775,180.9738930623063,0.7381823630241545,160.0,False,25us
776,182.95942317873494,0.5722269527511592,160.0,False,25us
777,171.8522652733626,0.8271534821028037,160.0,False,25us
778,196.94181370681255,0.7132218840594059,160.0,False,25us
779,175.85699868438707,0.9496713357667731,160.0,False,25us
780,173.79940708246167,0.8110010452238806,160.0,False,25us
781,175.9155490231865,1.0052089382731553,160.0,False,25us
782,190.52169997348042,0.831812842669903,160.0,False,25us
783,174.52286735720105,1.0677861964476023,160.0,False,25us
784,179.54833631307284,0.8610705913166666,160.0,False,25us
785,165.4298401246212,1.0577809074834437,160.0,False,25us
786,186.32333318352156,0.7927838036602453,160.0,False,25us
787,170.5220883814323,0.9495481205629138,160.0,False,25us
788,204.30927204856184,0.6948815637837837,160.0,False,25us
789,179.91676008926018,0.8687142035266456,160.0,False,25us
790,192.42444047889097,0.6463622978929766,160.0,False,25us
791,165.62473224744915,0.6553236693194707,160.0,False,25us
792,194.59025041625043,0.560225709495946,160.0,False,25us
793,177.00989582798323,0.5009420147198365,160.0,False,25us
794,172.07817602384824,0.46401772756023313,160.0,False,25us
795,176.1199727932058,0.35477939273831144,160.0,False,25us
796,186.0233124359165,0.2757871869290108,160.0,False,25us
797,176.93735145244096,0.21332539463840033,160.0,False,25us
798,164.55543779251178,0.1379066467216922,160.0,False,25us
799,44.45997068077395,0.06913676145591939,160.0,False,25us
0,13.975849971231526,0.00021930691120783545,84.57177680802327,False,100us
1,79.1194498888889,0.00013598353955555556,160.0,False,100us
2,132.976726,7.620793719999999e-05,159.62991529267276,False,100us
3,159.26204545454544,2.744983175757576e-05,129.8685065954788,False,100us
4,163.28807633333332,-2.5306323470666667e-06,126.42506481407509,False,100us
5,142.03151,-6.31731602e-05,147.7870948077949,False,100us
6,105.8049614,-9.2620536e-05,160.0,False,100us
7,71.616993,-6.733031266666667e-05,160.0,False,100us
8,49.409676000000005,-4.5863294200000005e-05,160.0,False,100us
9,51.90520156521739,0.00015722823719565218,160.0,False,100us
10,117.60167200000001,9.4871544e-05,160.0,False,100us
11,155.4585385714286,3.780223933333333e-05,133.29188531580635,False,100us
12,163.1425631707317,5.354038413756097e-06,126.54644888481945,False,100us
13,152.966264,-4.3208583e-05,135.63100031063058,False,100us
14,118.76839333333334,-8.769769250000001e-05,160.0,False,100us
15,81.3441008,-7.67321e-05,160.0,False,100us
16,57.4012916,-5.35892142e-05,160.0,False,100us
17,51.193949180851064,0.00015541341935106383,160.0,False,100us
18,103.76112057142858,0.00010966582642857142,160.0,False,100us
19,146.83319875,5.5627247375e-05,142.1476311105729,False,100us
20,162.11842851851853,1.2306653384685185e-05,127.40716108973095,False,100us
21,158.15425857142856,-2.8288508857142855e-05,130.8479376089255,False,100us
22,129.136493,-8.04524228e-05,160.0,False,100us
23,91.794702,-8.635441099999999e-05,160.0,False,100us
24,64.4220852,-6.03759204e-05,160.0,False,100us
25,48.696751647058825,0.00014577364997294117,160.0,False,100us
26,67.218863875,0.0001489527959375,160.0,False,100us
27,132.5861,7.648944225e-05,160.0,False,100us
28,160.4679972222222,2.3007246833333333e-05,128.81824117691716,False,100us
29,163.19197413793103,-3.408269400172414e-06,126.50520607778407,False,100us
30,140.95318200000003,-6.48215982e-05,149.11097095204667,False,100us
31,105.26419779999999,-9.33727212e-05,160.0,False,100us
32,71.80423033333334,-6.751128916666667e-05,160.0,False,100us
33,49.5221114,-4.5971999399999997e-05,160.0,False,100us
34,51.721210452631574,0.00015349276698736842,160.0,False,100us
35,118.60128999999999,9.363353833333333e-05,160.0,False,100us
36,155.85263217391304,3.696199756521739e-05,132.92912006320563,False,100us
37,163.14575435897436,4.755176621051282e-06,126.54378445059214,False,100us
38,150.501868,-4.84082352e-05,138.1013949614763,False,100us
39,118.7223152,-9.00595552e-05,160.0,False,100us
40,81.75622983333334,-7.713092833333333e-05,160.0,False,100us
41,55.5467374,-5.17963964e-05,160.0,False,100us
42,50.9192875326087,0.00015336050285326088,160.0,False,100us
43,102.64336916666667,0.00011093323999999999,160.0,False,100us
44,144.77896454545456,5.887149181818182e-05,144.51060497361036,False,100us
45,162.39306254901962,1.1382130018509806e-05,127.17524474383681,False,100us
46,157.809805,-2.99295855e-05,131.1553904433091,False,100us
47,130.429464,-7.89988038e-05,160.0,False,100us
48,90.72843266666666,-8.527190100000001e-05,160.0,False,100us
49,61.7429068,-5.7786137199999997e-05,160.0,False,100us
50,48.79558065517241,0.00014545225989655172,160.0,False,100us
51,72.9414285,0.00014276239529999998,160.0,False,100us
52,130.486494,7.93751462e-05,160.0,False,100us
53,157.0047552173913,3.507268886956522e-05,131.87942573003212,False,100us
54,161.039558,-1.769448888e-05,128.3261710802594,False,100us
55,134.75253712396832,0.025067003952177223,157.17103223580875,False,100us
56,167.58253429850095,0.12579520710314102,122.94118877845793,False,100us
57,151.30137436984703,0.13352684765890294,137.2478343961477,False,100us
58,101.60108743174334,0.06107715287120305,160.0,False,100us
59,166.36297781040187,0.26387227236305244,123.91157072662229,False,100us
60,164.8668206734846,0.41930546916046507,125.12240487441366,False,100us
61,165.02440151743144,0.6499570145844105,124.99380124997955,False,100us
62,154.94545797292247,0.9222261259463918,133.7670498936576,False,100us
63,153.13880368536988,1.0445393249146757,135.4665166609799,False,100us
64,159.78721656250275,0.9316547684707903,129.40911106499513,False,100us
65,164.91625938074608,0.6349345887711214,125.0820298816073,False,100us
66,106.05306511498968,0.18524289503975655,160.0,False,100us
67,164.33880457400832,0.4189016633425819,125.55519176707652,False,100us
68,155.02950233040582,1.1315270738358392,133.68899267364517,False,100us
69,147.4368089998175,1.8134825045415957,141.46687484795999,False,100us
70,156.74659683370442,2.2202858241956243,132.1132400965094,False,100us
71,163.53810217861604,2.2042812417727076,126.21702211761142,False,100us
72,158.36876197680843,1.8021452261387825,130.65717740135463,False,100us
73,159.08312236191432,1.1649148856765816,130.02573952660543,False,100us
74,162.60890244082927,0.4155225571867886,126.99354820131481,False,100us
75,136.5504602438304,0.2359684054188234,154.7521503853839,False,100us
76,165.73594703332705,0.8214297946520146,124.41626156756126,False,100us
77,159.26415241916277,1.2838611341903172,129.8666572350794,False,100us
78,162.9106638362859,1.4959401996911519,126.74035981020066,False,100us
79,162.32066155956352,1.4577628381130472,127.2363051091744,False,100us
80,164.7873121569959,1.1815714715681234,125.1873896594834,False,100us
81,174.00834082751146,0.7429018707595435,118.07685527871557,False,100us
82,167.84530830504056,0.31657925244452173,122.73402046356647,False,100us
83,108.5273039242439,0.08687400862731541,160.0,False,100us
84,181.02431873996724,0.30065090088506446,113.30451420453362,False,100us
85,173.62445611915652,0.49363509091490926,118.34935364681192,False,100us
86,177.20541979751403,0.6362515014633082,115.85427720999199,False,100us
87,179.05098301574085,0.6455971330872828,114.6081731567341,False,100us
88,180.61333899955878,0.5276111497082329,113.57362283709527,False,100us
89,180.29834740935803,0.399770507205653,113.78072732285557,False,100us
90,177.4789841179253,0.2869956671723997,115.66789769358755,False,100us
91,116.53660912649143,0.09000395824689622,160.0,False,100us
92,175.43554848156376,0.20123196969979618,117.07444590515907,False,100us
93,178.5312179820819,0.3538565001001166,114.9564497871879,False,100us
94,176.12655976496723,0.42335580278200025,116.59507317324454,False,100us
95,181.49678604453442,0.44053970291024974,112.99668237282019,False,100us
96,175.7707752045854,0.4546939490738784,116.84140927807528,False,100us
97,181.9611300183305,0.4336336858603005,112.69573478876958,False,100us
98,177.23572031707215,0.32885669777736415,115.83360449571175,False,100us
99,149.21011067290988,0.15325367568574047,139.50147419912813,False,100us
100,146.85385436882768,0.14826791088600308,142.1242351912615,False,100us
101,173.00570271321544,0.33200111655191394,118.79791857870964,False,100us
102,172.19942476822362,0.46097911514700757,119.39676878983217,False,100us
103,175.40764243979055,0.6088704139706238,117.0938861434111,False,100us
104,177.21594684291802,0.683627020103751,115.84709425016331,False,100us
105,177.919970788461,0.6382497673820359,115.36868619201948,False,100us
106,176.09882048082858,0.4393188826404192,116.61424258253128,False,100us
107,178.0630453218064,0.2479009183751798,115.27193482958567,False,100us
108,117.70801951685833,0.09389584959304126,160.0,False,100us
109,167.87376940666564,0.3146313339614385,122.71162243828176,False,100us
110,167.81534820743107,0.6212118561266825,122.75760667501385,False,100us
111,169.58568499397384,0.9069145043100582,121.37874714068049,False,100us
112,168.2967363625298,1.042889438334019,122.37968714838655,False,100us
113,161.16120886119245,0.9778100510253217,128.22190666817,False,100us
114,171.2569712079624,0.769327207713829,120.10418359031581,False,100us
115,163.47153153186278,0.43872160770053703,126.27235000014622,False,100us
116,102.26740445159206,0.11675847385458743,160.0,False,100us
117,169.33370631423938,0.27885868563952765,121.57317855281838,False,100us
118,172.3511633148674,0.6401747705160293,119.28362300448443,False,100us
119,164.02116750292737,0.990374912920541,125.81693580091579,False,100us
120,162.96218566051638,1.1551569323846484,126.6972284852769,False,100us
121,163.47948823196037,1.1382541653198515,126.26573460341979,False,100us
122,170.53923911929536,0.928850259053719,120.64836616770711,False,100us
123,172.55288411896527,0.5701474967808681,119.13352718248531,False,100us
124,151.0622492003946,0.23587436609186155,137.50209913525043,False,100us
125,135.00868373415773,0.14587581080908207,156.82214740574898,False,100us
126,172.4756903306183,0.5026059379035448,119.19092225478944,False,100us
127,176.1619075291165,0.8102916061131313,116.57065481443612,False,100us
128,170.29630182431248,1.0268888926577127,120.83363945112485,False,100us
129,170.05341043449434,1.0448342418237706,121.01942718521347,False,100us
130,166.4497572184543,0.8757236373744196,123.84203380728766,False,100us
131,185.04413164645516,0.5962920706022351,110.7367319576237,False,100us
132,177.35974230016845,0.29337487745135676,115.74906497438779,False,100us
133,101.91646594605047,0.0840939137149609,160.0,False,100us
134,173.4283235929769,0.30894634546399147,118.489053019,False,100us
135,177.02809528577453,0.6063292677842679,115.97540293505605,False,100us
136,172.88011881093115,0.830164888588647,118.89081276237543,False,100us
137,170.09578134095145,0.8985280167027262,120.98697799292056,False,100us
138,180.74624081846633,0.8139683551419032,113.48646220329344,False,100us
139,181.45885104759415,0.6197000797013806,113.02133809951414,False,100us
140,180.42200753373467,0.32790900720879357,113.69933365927281,False,100us
141,110.38409554529395,0.10325894978648545,160.0,False,100us
142,178.0132136126835,0.21750662299625775,115.30561451421164,False,100us
143,176.74569524953876,0.4510572001424676,116.16881572535013,False,100us
144,177.35977071670715,0.7171539452161187,115.74904561811287,False,100us
145,175.3741635587328,0.828836616928314,117.1172169410652,False,100us
146,179.60577100876415,0.812801428721955,114.23870141559345,False,100us
147,175.95348441436767,0.6739158452534764,116.71477895253147,False,100us
148,176.46487159982036,0.4315354247683668,116.36177617991841,False,100us
149,157.60413523236423,0.17799441806688857,131.33963274761862,False,100us
150,139.53924813780537,0.14678708435266702,150.88054356240318,False,100us
151,182.4259000788821,0.3862738749767032,112.39607867309375,False,100us
152,177.2519822545411,0.6593536971865912,115.82251266790846,False,100us
153,176.0702323639864,0.8705359359651257,116.63400504151743,False,100us
154,174.05219837632214,0.902034322051916,118.0458014280276,False,100us
155,180.5438236303102,0.8042666687021013,113.61926514182623,False,100us
156,182.6687172555598,0.5753675516841695,112.24014425265598,False,100us
157,172.6263733657475,0.26885278456105893,119.07893602484559,False,100us
158,110.18204945302102,0.08829119746158076,160.0,False,100us
159,178.24512051450327,0.3366444871161736,115.1490395389314,False,100us
160,179.4676550615282,0.645993208918908,114.33046416863954,False,100us
161,173.14919608371883,0.8779367035806586,118.69194803725341,False,100us
162,168.79086254406022,0.9678679120369592,121.99409483303718,False,100us
163,170.53391194155083,0.8969092388875255,120.65242300056723,False,100us
164,180.35302594184378,0.6905857374090538,113.74472359451438,False,100us
165,181.8195496582333,0.3981277124283636,112.78732847543021,False,100us
166,102.7333723813002,0.09543875225269462,160.0,False,100us
167,176.31771505294307,0.2373165004882622,116.46314167297581,False,100us
168,181.4344285810398,0.552302780509549,113.03721697627807,False,100us
169,176.12189817292506,0.821239832599426,116.59829416482707,False,100us
170,175.81420906150498,0.9683373114763948,116.81128219406004,False,100us
171,172.3056765539854,0.9626850748030822,119.3175190744059,False,100us
172,177.22782590534334,0.7647503334899878,115.83898981044709,False,100us
173,184.77272388762515,0.49213242150510605,110.90650873068508,False,100us
174,145.16012160543426,0.1769198576381412,144.06667744734585,False,100us
175,152.48132845366072,0.1540798165531228,136.09536346377794,False,100us
176,177.72990600549065,0.43771755364092024,115.49745998093272,False,100us
177,175.52350585010043,0.7426902241540332,117.01321332949887,False,100us
178,174.8452962350261,0.9119221714864866,117.48698590167493,False,100us
179,180.11524186802637,0.9430236289987588,113.9014579928715,False,100us
180,175.65972825441733,0.8418985042892057,116.91850414270183,False,100us
181,179.60545771847583,0.5794618431169707,114.23890939910679,False,100us
182,179.99633944343327,0.26305552342422256,113.97999074645172,False,100us
183,107.86076168923074,0.0923815183107418,160.0,False,100us
184,186.22886384589918,0.33067720706398396,110.00155379767885,False,100us
185,179.37280751246587,0.6227544666512089,114.39356349562617,False,100us
186,175.95270408247688,0.8690611841779976,116.71531920596739,False,100us
187,174.24062306162125,0.9401857447788343,117.91256686907036,False,100us
188,174.78235478025772,0.870582893506872,117.53114504146221,False,100us
189,177.96800881986815,0.625254362467033,115.33618368379247,False,100us
190,182.19046924077128,0.35215449536985394,112.54767523518515,False,100us
191,110.89853434459843,0.1030638214905089,160.0,False,100us
192,180.74422321086254,0.23473411222440935,113.4877844262007,False,100us
193,182.60271941528856,0.5334867486858372,112.28248537479665,False,100us
194,181.72833057711028,0.7647640189884967,112.84641879853851,False,100us
195,178.79307397943384,0.92712750488228,114.78073047459604,False,100us
196,175.29827232168591,0.9170864395208072,117.170137824228,False,100us
197,186.29186458678814,0.7203471347869674,109.96272663921266,False,100us
198,180.37856554199027,0.47414185533316944,113.72791438413294,False,100us
199,156.86203413856592,0.18859575010576232,132.00858962601475,False,100us
0,53.586659674707384,0.00015268918826661222,82.51148837551274,False,1ms
1,98.60850791370558,8.078895869524873e-05,45.10625157043911,False,1ms
2,108.13290641666666,6.458719005205264e-05,40.673163957466954,False,1ms
3,97.05186312886597,7.247914250010824e-05,45.82660626023761,False,1ms
4,95.31301458031088,7.205150034945077e-05,46.65903914848103,False,1ms
5,146.86344929792793,0.14257276245985712,30.057999711393972,False,1ms
6,154.01881144555864,0.7970697539406854,27.052598922360072,False,1ms
7,158.61931445590804,1.2835971379703794,25.05063304919081,False,1ms
8,169.10078505153265,0.5208490092270068,21.194639883787442,False,1ms
9,169.3373609846541,0.3165002689995917,21.117377925167602,False,1ms
10,166.0957378265818,0.387405504259756,22.21098496666235,False,1ms
11,161.10389542712346,0.6691579929199566,24.05394061739244,False,1ms
12,164.1526507544138,0.7425863313559384,22.904343116845673,False,1ms
13,168.74786290767094,0.5821108813655047,21.31062698242655,False,1ms
14,168.96124782223285,0.462600703801447,21.240393901860347,False,1ms
15,167.3871208654842,0.4898319034308802,21.766141818052674,False,1ms
16,169.32964808205637,0.6068907642307999,21.119890690397916,False,1ms
17,171.0940486858753,0.6382582169769476,20.555672121373707,False,1ms
18,171.07822739609617,0.5894356111680176,20.560638299983747,False,1ms
19,171.48911277783037,0.5058699868624897,20.43220056104534,False,1ms
20,0.00017063892,0.010896582,0.040923001808027125,False,1ms
0,160.5921700778964,0.6421137072962924,1.9012642428356668,False,10ms
1,167.95891553042674,0.5646589766922987,1.7577590065949926,False,10ms
2,0.00017063892,0.010896582,0.11971100789210933,False,10ms
